,score,model,iter,topics
0,-1118.4286577552225,ctm,0,15
1,-1117.404229367059,ctm,1,15
2,-1116.4001449899918,ctm,2,15
3,-1115.4065284843516,ctm,3,15
4,-1114.4044936205005,ctm,4,15
5,-1113.402669003177,ctm,5,15
6,-1112.4119006058736,ctm,6,15
7,-1111.3936585995762,ctm,7,15
8,-1110.403079665898,ctm,8,15
9,-1109.3870866489287,ctm,9,15
