,score,model,iter,topics
0,-1049.385205208127,mmm,0,12
1,-1049.6906095843528,mmm,1,12
2,-1049.400284502905,mmm,2,12
3,-1049.0167541085243,mmm,3,12
4,-1049.6346124304337,mmm,4,12
5,-1049.14754106235,mmm,5,12
6,-1049.3094109724561,mmm,6,12
7,-1049.669892699583,mmm,7,12
8,-1049.0530464793303,mmm,8,12
9,-1049.5316060964324,mmm,9,12
